{
  "project_info": {
    "project_number": "253440008223",
    "firebase_url": "https://sdnegga.firebaseio.com",
    "project_id": "sdnegga",
    "storage_bucket": "sdnegga.appspot.com"
  },
  "client": [
    {
      "client_info": {
        "mobilesdk_app_id": "1:253440008223:android:d6ab00f463046b09",
        "android_client_info": {
          "package_name": "com.example.admin.sdnegga"
        }
      },
      "oauth_client": [
        {
          "client_id": "253440008223-vd0cu71qcfop3bpbu809lrn2ds8dc7ag.apps.googleusercontent.com",
          "client_type": 1,
          "android_info": {
            "package_name": "com.example.admin.sdnegga",
            "certificate_hash": "91d16cada609f9758107d1fc558cf8baee096bcf"
          }
        },
        {
          "client_id": "253440008223-oqmjkc4opudhve0v5qu6vlboa29u4m6m.apps.googleusercontent.com",
          "client_type": 1,
          "android_info": {
            "package_name": "com.example.admin.sdnegga",
            "certificate_hash": "abafe36b095983137a792c0fdcbd6364d043d4c1"
          }
        },
        {
          "client_id": "253440008223-cdrp5gdvccm3bmjj1vd5b0jbnb9eb016.apps.googleusercontent.com",
          "client_type": 1,
          "android_info": {
            "package_name": "com.example.admin.sdnegga",
            "certificate_hash": "3b273270996f5ccce933adf598998c226cf96499"
          }
        },
        {
          "client_id": "253440008223-b48qjq6euhti34nqvkb5ilskhi9gpd0j.apps.googleusercontent.com",
          "client_type": 3
        }
      ],
      "api_key": [
        {
          "current_key": "AIzaSyCw09IaZaDnZaezPW4rNv2BS7EYXSAA97I"
        }
      ],
      "services": {
        "analytics_service": {
          "status": 1
        },
        "appinvite_service": {
          "status": 2,
          "other_platform_oauth_client": [
            {
              "client_id": "253440008223-b48qjq6euhti34nqvkb5ilskhi9gpd0j.apps.googleusercontent.com",
              "client_type": 3
            }
          ]
        },
        "ads_service": {
          "status": 2
        }
      }
    }
  ],
  "configuration_version": "1"
}